﻿thread,description
369154,"　　大学毕业后我留在老婆家所在的城市，我跟老婆萍萍结婚快一年了，一直和她住在单位裡，我们是同单位不同部门的同事。平时下了班没事做，我喜欢和老婆一起上网看黄色网站增加点性趣，然后就……　　嘿嘿！也许 ... 情人病了 ,98堂[原色花堂]"
369155,"　　我就读于北安中学初中部二年级，今年十五岁，爸爸藤井龙一靠着妈妈娘家的关系选上了国会议员，妈妈纱夜子是有名的美女，三十五岁的她非但毫无中年女人的老态，反而因为年岁的增加，更是成熟艳丽、娇媚无比，肌肤 ... 情人的家人为我生孩子 ,98堂[原色花堂]"
369156,"　　我叫阿龙，刚当完兵，一时找不到工作，住台北的舅妈知道我的状况后，问　　我愿不愿当舅舅的专职家庭看护，因为三年前舅舅在一次车祸中被砂石撞成植物　　人，需要有人照料，而舅舅的大儿子忠雄十九岁正在 ... 射进律师的阴道真舒服 ,98堂[原色花堂]"
369157,"【影片名称】：受够丈夫的暴力人妻晶爱丽沉溺于公公的肉棒淫穴被爱液充满【出演女优】：晶エリー【影片格式】：MP4【影片大小】：4.93GB【是否有码】：有码【种子期限】：5种或健康度1000【下载工具】：比特彗 ... GVH-089  受够丈夫的暴力人妻晶爱丽沉溺于公公的肉棒淫穴被爱液充满 ,98堂[原色花堂]"
369158,"　　夜晚十一点时，我因幻想妈妈裸体的样子很久了，那嫩滑的肉体、迷人的乳房、性感的臀部五月天、动人的玉腿、诱人的阴部啊！好想强奸妈妈！所以趁爸爸在浴室洗澡时　　进入妈妈的房间，妈妈穿着极具诱人的半透 ... 干漂亮情人的小浪穴 ,98堂[原色花堂]"
369159,"【影片名称】：堕落的人妻女教师小早川怜子羞耻轮奸课外授业【出演女优】：小早川怜子【影片格式】：MP4【影片大小】：4.99GB【是否有码】：有码【种子期限】：5种或健康度1000【下载工具】：比特彗星 比特精 ... JUC-948  堕落的人妻女教师小早川怜子羞耻轮奸课外授业 ,98堂[原色花堂]"
369160,",98堂[原色花堂]"
369161,"【影片名称】：被公公的肉棒侵犯污染身体的美人妻春原未来【出演女优】：春原未来【影片格式】：MP4【影片大小】：4.92GB【是否有码】：有码【种子期限】：5种或健康度1000【下载工具】：比特彗星 比特精灵 uT ... JUX-068  被公公的肉棒侵犯污染身体的美人妻春原未来 ,98堂[原色花堂]"
369162,"　　的妈妈叫温小蝶，很美的名字吧，虽然不是那种中年美妇，但也不难看，尤其是两个大奶子绝对可以乳交，不过我不喜欢奶子，大小都无所谓，我喜欢她的大屁股，走路一颤一颤的，令人有种想咬的欲望。　　我第一次 ... 姐姐的乳房，情人的生殖器 ,98堂[原色花堂]"
369163,"　　嫂嫂今年32岁，模样俊俏，身体丰满，大乳房，圆屁股，很性感，充满成熟女人的味道。她公司今年开始新的操作，添加了几台电脑，规定不会电脑的不允许上岗，这可急坏了嫂嫂，她对电脑可是一窍不通啊。所以就来找我 ... 家内狂想曲 ,98堂[原色花堂]"
369164,"【影片名称】：暴风雨的夜晚和巨乳后妈织田真子同处一室强上了她【出演女优】：織田真子【影片格式】：MP4【影片大小】：4.84GB【是否有码】：有码【种子期限】：5种或健康度1000【下载工具】：比特彗星 比特 ... JUY-397  暴风雨的夜晚和巨乳后妈织田真子同处一室强上了她 ,98堂[原色花堂]"
369165,"　　少东是一个着名大商贾，家中富有财物，他平生唯一嗜好就是渔色。每逢遇见美貌妇女，必要千方百计弄到手。　　有一次他在理髮店中，看见一位替人洗头的女子，及一位替人马杀鸡的女子，容貌非常美丽，回家后便 ... 卖身姐妹 ,98堂[原色花堂]"
369166,"　　我叫少爷因工作需要到台中出差。　　晚上到一家酒店休息，约在６时的时候，电话突然响起来我马上接过电话来，我听到一甜美悦耳的女人的声音：「先生用不用按摩服务？」　　我问过价钱后，觉得十分合理，所 ... 我的大嫂 ,98堂[原色花堂]"
369167,"　　有一日，我和我女友一起去逛商场，她拉着我往女装部走，停在卖泳装的枱台前，左挑右选后　　看中了一件白色的泳衣拿给我看，我一看，那是一件细肩带（嗯……好难形容说……），后面　　从腰部以上就全部是 ... 女友刮毛记 ,98堂[原色花堂]"
369168,"　　我收拾好明天需要带的行李，然后洗了个热水澡，在洗澡的时候还顺便打了个飞机。　　这段时间不知道怎么回事嫨嫠嫣妪，瞉睼瞁瞄那方面的需求很旺盛，我几乎每天都要打一次飞机綧绺缁綝，韶领頖颇而且每次都很 ... 朋友发生在公车的事 ,98堂[原色花堂]"
369169,"　　田蜜和丈夫同岁，今年29.她有着白领的工作能力又有着金领的生活模式。一个有魅力的女人，她可以轻鬆地做好一单生意，也可以轻鬆的把她看中的一个男人引上她的床。男人们都叫她“花蝴蝶”，她的感觉是她征服了男 ... 我和阿蜜 ,98堂[原色花堂]"
369170,"【影片名称】：超淫荡巨乳主持人西条琉璃的深入暗访色情直播【出演女优】：西條るり【影片格式】：MP4【影片大小】：4.84GB【是否有码】：有码【种子期限】：5种或健康度1000【下载工具】：比特彗星 比特精灵  ... SOE-791  超淫荡巨乳主持人西条琉璃的深入暗访色情直播 ,98堂[原色花堂]"
369171,"【影片名称】：特殊企划测试父亲看着醉酒女儿的裸体会如何选择【出演女优】：篠田ゆう 香苗レノン 神宮寺ナオ 咲々原リン【影片格式】：MP4【影片大小】：9.7GB【是否有码】：有码【种子期限】：5种或健康度100 ... UMSO-284  特殊企划测试父亲看着醉酒女儿的裸体会如何选择 ,98堂[原色花堂]"
369172,"导演: 佩德罗·阿莫多瓦[/backcolor]编剧: 佩德罗·阿莫多瓦 / Jesús Ferrero[/backcolor]主演: 阿松波塔·塞尔纳 / 安东尼奥·班德拉斯 / Nacho Martínez / 伊娃·考伯 / 卡门·毛拉 / Julieta Serrano / 达兹 ... 斗牛士 Matador (1986)[AVI/694.37 MB/BT] ,98堂[原色花堂]"
369173,"【影片名称】：为了妈妈的住院费默默忍受每天都被猥琐老头侵犯玩弄的可爱女高中生【出演女优】：結々萌奈実【影片格式】：MP4【影片大小】：5.66GB【是否有码】：有码【种子期限】：5种或健康度1000【下载工具 ... URKK-029  为了妈妈的住院费默默忍受每天都被猥琐老头侵犯玩弄的可爱女高中生 ,98堂[原色花堂]"
